,accuracy,roc_auc,f1,recall
TRTR,0.8337666666666665,0.7982199456409743,0.7058425935914606,0.731469625835823
TSTR,0.7514333333333333,0.6586022852432858,0.3902413562576768,0.48129179115094617
TSTS,0.84835,0.8257746251381932,0.8874352072671238,0.9227068807091509
SRA,1.0,1.0,1.0,0.8667
